<?xml version="1.0" encoding="UTF-8"?>
<beans xmlns="http://www.springframework.org/schema/beans"
       xmlns:xsi="http://www.w3.org/2001/XMLSchema-instance"
       xmlns:mvc="http://www.springframework.org/schema/mvc"
       xmlns:context="http://www.springframework.org/schema/context"
       xmlns:beans="http://www.springframework.org/schema/c"
       xsi:schemaLocation="http://www.springframework.org/schema/beans http://www.springframework.org/schema/beans/spring-beans.xsd http://www.springframework.org/schema/mvc https://www.springframework.org/schema/mvc/spring-mvc.xsd http://www.springframework.org/schema/context https://www.springframework.org/schema/context/spring-context.xsd">

    <mvc:annotation-driven />
    <context:component-scan base-package="com.example" />

<!--    <mvc:resources mapping="/img/**" location="/resources/img/"/>-->

    <bean class="org.springframework.web.servlet.view.InternalResourceViewResolver">
        <property name="prefix" value="/WEB-INF/views/" />
        <property name="suffix" value=".jsp" />
    </bean>

<!--    <bean id="dataSource" class="org.springframework.jdbc.datasource.DriverManagerDataSource">-->
<!--        <property name="driverClassName" value="com.mysql.jdbc.Driver"></property>-->
<!--        <property name="url" value="jdbc:mysql://walab.handong.edu:3306/p2_21900579"></property>-->
<!--        <property name="username" value="p2_21900579"></property>-->
<!--        <property name="password" value="iePhiuTa1u"></property>-->
<!--    </bean>-->
<!--    <bean id="jdbcTemplate"-->
<!--          class="org.springframework.jdbc.core.jdbcTemplate">-->
<!--        <property name="dataSource" ref="dataSource"/>-->
<!--    </bean>-->
    

</beans>